commit_id,line,line_level_label,count,line_score,row
a5c101da4bd6371fdc116690ef0c354868a571b0,"msg = _(""'%s' Blank strings are not permitted"") % data",0,4,1.0,1
a5c101da4bd6371fdc116690ef0c354868a571b0,"msg = _(""Validator '%s' does not exist."") % k",0,3,0.6666666666666667,2
a5c101da4bd6371fdc116690ef0c354868a571b0,"return _(""'%s' Blank strings are not permitted"") % data",1,3,0.6666666666666667,3
a5c101da4bd6371fdc116690ef0c354868a571b0,"msg = (_(""Validation of dictionary's keys failed. """,0,3,0.6666666666666667,4
a5c101da4bd6371fdc116690ef0c354868a571b0,"msg = (_(""Validation of dictionary's keys failed.""",1,3,0.6666666666666667,5
a5c101da4bd6371fdc116690ef0c354868a571b0,return msg,0,2,0.3333333333333333,6
a5c101da4bd6371fdc116690ef0c354868a571b0,"return _(""Validator '%s' does not exist."") % k",1,2,0.3333333333333333,7
a5c101da4bd6371fdc116690ef0c354868a571b0,LOG.debug(msg),0,1,0.0,8
a5c101da4bd6371fdc116690ef0c354868a571b0,LOG.debug(msg),1,1,0.0,9
