"project","K","TP","TN","FP","FN","Prec","Recall1","Recall0","F1","Gmean","Acc","time","index","query"
"neutron",3,212,541,373,71,0.362393162393162,0.749116607773852,0.591903719912473,0.488479262672811,0.665886556997178,0.629072681704261,3245.80520772934,"camel","notbool"
